都道府県コード又は市区町村コード,NO,都道府県名,市区町村名,データ名称,データ概要,データ形式,分類,更新頻度,URL,API対応有無,ライセンス,登録日,最終更新日,備考
430005,0000000001,熊本県,,熊本県介護サービス事業所一覧（平成31年4月1日現在）,熊本県内の介護サービス事業所一覧。（訪問介護、通所介護、福祉用具貸与、特定福祉用具販売の事業所は、熊本市内の事業所を除く）,"XLSX,CSV",社会保障・衛生,,https://data.bodik.jp/dataset/430005_01,無,CC BY4.0,2020/3/31,,
430005,0000000002,熊本県,,熊本県医療機関一覧（平成31年4月1日現在）,熊本県内の医療機関一覧。,"XLSX,CSV",社会保障・衛生,,https://data.bodik.jp/dataset/430005_02,無,CC BY4.0,2020/3/31,,
430005,0000000003,熊本県,,熊本県文化財一覧,熊本県内の文化財一覧。,"XLSX,CSV",教育・文化・スポーツ・生活,,https://data.bodik.jp/dataset/430005_03,無,CC BY4.0,2020/3/31,,
430005,0000000004,熊本県,,熊本県観光施設一覧,熊本県内の観光施設一覧。,"XLSX,CSV",運輸・観光,,https://data.bodik.jp/dataset/430005_04,無,CC BY4.0,2020/3/31,,
430005,0000000005,熊本県,,熊本県「くまもとフリーWi-Fi」設置箇所一覧,熊本県内の「くまもとフリーWi-Fi」設置箇所一覧。,"XLSX,CSV",情報通信・科学技術,,https://data.bodik.jp/dataset/430005_05,無,CC BY4.0,2018/2/13,2021/6/25,
430005,0000000006,熊本県,,熊本県子育て施設一覧（平成31年4月1日現在）,熊本県内の子育て施設一覧。,"XLSX,CSV",教育・文化・スポーツ・生活,,https://data.bodik.jp/dataset/430005_06,無,CC BY4.0,2020/3/31,,
430005,0000000007,熊本県,,熊本県オープンデータ一覧（令和4年6月17日現在）,熊本県内のオープンデータ一覧。,"XLSX,CSV",その他,,https://data.bodik.jp/dataset/430005_07,無,CC BY4.0,2020/3/31,2023/8/2,
430005,0000000008,熊本県,,熊本県警犯罪発生情報（平成30年）,平成30年の熊本県内の犯罪発生情報です。,CSV,司法・安全・環境,,https://data.bodik.jp/dataset/430005_08,無,CC BY4.0,2019/8/29,,
430005,0000000009,熊本県,,新型コロナウイルス感染症　帰国者・接触者相談センター相談件数,新型コロナウイルス感染症に係る帰国者・接触者相談センター相談件数,"XLSX,CSV",社会保障・衛生,,https://data.bodik.jp/dataset/430005_15,無,CC BY4.0,2020/4/14,2023/2/12,
430005,0000000010,熊本県,,新型コロナウイルス感染症　感染者属性,新型コロナウイルス感染症に係る感染者属性,"XLSX,CSV",社会保障・衛生,,https://data.bodik.jp/dataset/430005_16,無,CC BY4.0,2020/4/14,2022/9/1,
430005,0000000011,熊本県,,新型コロナウイルス感染症　検査件数,新型コロナウイルス感染症に係る検査件数,"XLSX,CSV",社会保障・衛生,,https://data.bodik.jp/dataset/430005_17,無,CC BY4.0,2020/4/14,2022/8/31,
430005,0000000012,熊本県,,熊本県警犯罪発生情報（平成31年及び令和元年）,平成31年及び令和元年の熊本県内の犯罪発生情報です。,CSV,司法・安全・環境,,https://data.bodik.jp/dataset/430005_18,無,CC BY4.0,2020/6/30,,
430005,0000000013,熊本県,,熊本県警犯罪発生情報（令和２年）,令和2年の熊本県内の犯罪発生情報です。,CSV,司法・安全・環境,,https://data.bodik.jp/dataset/430005_25,無,CC BY4.0,2021/6/25,,
430005,0000000014,熊本県,,熊本県警犯罪発生情報（令和３年）,令和3年の熊本県内の犯罪発生情報です。,CSV,司法・安全・環境,,https://data.bodik.jp/dataset/430005_32,無,CC BY4.0,2022/6/17,,
430005,0000000015,熊本県,,住民基本台帳に基づく人口,政府統計の総合窓口(e-Stat)住民基本台帳に基づく人口、人口動態及び世帯数調査〈外部リンク〉,HTML,人口・世帯,,https://data.bodik.jp/dataset/430005_39,無,CC BY4.0,,,https://www.e-stat.go.jp/stat-search/files?page=1&toukei=00200241&tstat=000001039591
430005,0000000016,熊本県,,県内路線バスの路線情報,県内路線バスの路線情報〈外部リンク〉,HTML,運輸・観光,,https://data.bodik.jp/dataset/430005_40,無,CC BY4.0,2022/9/21,,https://km.bus-vision.jp/kumamoto/view/opendataKuma.html
430005,0000000017,熊本県,,熊本県の温室効果ガス排出量,県内で発生する温室効果ガス総排出量の推計値,XLSX,司法・安全・環境,１年毎,https://data.bodik.jp/dataset/430005_00001,無,CC BY4.0,2023/3/1,,
430005,0000000019,熊本県,,水質調査報告書（公共用水域及び地下水）,公共用水域（河川、湖沼及び海域）及び地下水の水質測定結果について,PDF,エネルギー・水,年１回（下半期）,https://data.bodik.jp/dataset/430005_00003,無,CC BY4.0,2023/3/1,,
430005,0000000020,熊本県,,大気・化学物質・騒音等環境調査報告書,航空機騒音常時監視の測定結果,XLSX,司法・安全・環境,年１回（下半期）,https://data.bodik.jp/dataset/430005_00004,無,CC BY4.0,2023/3/1,,
430005,0000000021,熊本県,,廃棄物再生事業者登録名簿,産業廃棄物再生事業者の登録一覧,PDF,司法・安全・環境,,https://data.bodik.jp/dataset/430005_00005,無,CC BY4.0,2023/3/1,,
430005,0000000022,熊本県,,産業廃棄物処理業者名簿,産業廃棄物処理業者の登録一覧,PDF,司法・安全・環境,,https://data.bodik.jp/dataset/430005_00009,無,CC BY4.0,2023/3/1,,
430005,0000000023,熊本県,,大気・化学物質・騒音等環境調査報告書,観測所一覧及び観測記録一覧です。,"DOC,XLS",司法・安全・環境,年１回（下半期）,https://data.bodik.jp/dataset/430005_00006,無,CC BY4.0,2023/3/1,,
430005,0000000024,熊本県,,第一種フロン類充填回収業者登録簿,第一種フロン類充填回収業者登録簿です。,PDF,司法・安全・環境,,https://data.bodik.jp/dataset/430005_00007,無,CC BY4.0,2023/3/1,,
430005,0000000025,熊本県,,水質調査報告書（公共用水域及び地下水）,地下水水質測定計画に基づき実施した地下水水質測定データが地点毎に記録されている。,PDF,エネルギー・水,年１回（下半期）,https://data.bodik.jp/dataset/430005_00008,無,CC BY4.0,2023/3/1,,
430005,0000000026,熊本県,,熊本県リサイクル認証製品,県内産リサイクル製品を県で認証し、その利用促進を図ります。,PDF,司法・安全・環境,１～２年毎,https://data.bodik.jp/dataset/430005_00010,無,CC BY4.0,2023/3/1,,
430005,0000000027,熊本県,,大気・化学物質・騒音等環境調査報告書,微小粒子状物質（PM2.5）の測定状況です。,"DOC,XLS",司法・安全・環境,年１回（下半期）,https://data.bodik.jp/dataset/430005_00011,無,CC BY4.0,2023/3/1,,
430005,0000000028,熊本県,,水の国くまもとパンフレット、HP等,県内の湧水や渓流などの名県内の湧水や渓流などの名水を推量、清澄性、周辺環境、保全状況等の観点から総合的に評価して、選定したの名水一覧。,"XLSX,CSV",エネルギー・水,,https://data.bodik.jp/dataset/430005_00012,無,CC BY4.0,2023/3/1,,
430005,0000000029,熊本県,,①旅行業者登録台帳、②旅行業者代理業者登録台帳、③旅行サービス手配業登録台帳,県知事登録第２種・第３種・地域限定旅行業者及び旅行業者代理業の一覧です。,XLSX,運輸・観光,登録情報の更新の都度,https://data.bodik.jp/dataset/430005_00013,無,CC BY4.0,2023/3/1,2023/7/1,
430005,0000000030,熊本県,,議案の議決結果表（議決等の内容、議決等の内容の内訳）,各定例会・臨時会に提出された議案の議決結果,XLS,行財政,定例会毎,https://data.bodik.jp/dataset/430005_00014,無,CC BY4.0,2023/3/1,,
430005,0000000031,熊本県,,県議会提出議案・報告一覧（議決年月日、年月会、委員会、提出会派等、分類、議決結果、議案名）,各定例会・臨時会に上程された議案・報告に関する情報,XLS,行財政,定例会毎,https://data.bodik.jp/dataset/430005_00015,無,CC BY4.0,2023/3/1,,
430005,0000000032,熊本県,,請願委員会審査・継続審査結果一覧表（請願受理年月日、請願名、紹介議員、付託委員会、採択状況に関する情報）,請願受理年月日、関係部局、請願名、紹介議員、付託委員会、採択状況に関する情報,XLSX,行財政,定例会毎,https://data.bodik.jp/dataset/430005_00016,無,CC BY4.0,2023/3/1,,
430005,0000000033,熊本県,,供給電力量、電力料金,水力発電所及び太陽光発電設備等の供給電力量と料金収入,XLSX,エネルギー・水,１ヶ月毎,https://data.bodik.jp/dataset/430005_00017,無,CC BY4.0,2023/3/1,2023/7/1,
430005,0000000034,熊本県,,受水企業、契約水量、給水料金,工業用水道企業別契約水量と料金収入,XLSX,エネルギー・水,１ヶ月毎,https://data.bodik.jp/dataset/430005_00018,無,CC BY4.0,2023/3/1,2023/7/1,
430005,0000000035,熊本県,,県立図書館入館者数,県立図書館入館者数一覧,XLSX,教育・文化・スポーツ・生活,年に一度、県立図書館ホームページに要覧（年報）として各種統計資料を掲載している。,https://data.bodik.jp/dataset/430005_00019,無,CC BY4.0,2023/3/1,,
430005,0000000036,熊本県,,熊本県遺跡地図データ,発掘調査を実施した遺跡の管理,その他,教育・文化・スポーツ・生活,,https://data.bodik.jp/dataset/430005_00020,無,CC BY4.0,2023/3/1,,
430005,0000000037,熊本県,,学校一覧,県内学校一覧データです。,"DOC,XLSX",教育・文化・スポーツ・生活,年２回,https://data.bodik.jp/dataset/430005_00021,無,CC BY4.0,2023/3/1,,
430005,0000000038,熊本県,,熊本県私立学校名簿,県内の私立学校名簿です。,PDF,教育・文化・スポーツ・生活,１年毎,https://data.bodik.jp/dataset/430005_00022,無,CC BY4.0,2023/3/1,,
430005,0000000039,熊本県,,学校基本調査結果（熊本県速報値・確定値）,学校基本調査データです。,その他,教育・文化・スポーツ・生活,１年毎,https://data.bodik.jp/dataset/430005_00023,無,CC BY4.0,2023/3/1,,
430005,0000000040,熊本県,,学校給食の実施状況,学校給食の状況を把握し、その普及と充実を図るため行っている文部科学省の調査結果,XLSX,教育・文化・スポーツ・生活,２年毎,https://data.bodik.jp/dataset/430005_00024,無,CC BY4.0,2023/3/1,,
430005,0000000041,熊本県,,議案及び教育委員活動実績,教育委員会会議での議題,XLS,教育・文化・スポーツ・生活,１年毎,https://data.bodik.jp/dataset/430005_00025,無,CC BY4.0,2023/3/1,,
430005,0000000042,熊本県,,熊本県公立学校教員採用選考考査第二次選考考査の合格者数等の推移について,合格内定者数等,XLSX,教育・文化・スポーツ・生活,１年毎,https://data.bodik.jp/dataset/430005_00026,無,CC BY4.0,2023/3/1,,
430005,0000000043,熊本県,,熊本県高等学校統合体育大会競技結果,県内学校の全国高等学校総合体育大会の結果,XLSX,教育・文化・スポーツ・生活,１年毎,https://data.bodik.jp/dataset/430005_00027,無,CC BY4.0,2023/3/1,,
430005,0000000044,熊本県,,私立中学・高等学校の国際交流等の実態調査,県内の姉妹・友好都市提携の状況（提携年月日、提携の契機、交流の状況等）,XLSX,教育・文化・スポーツ・生活,１年毎,https://data.bodik.jp/dataset/430005_00028,無,CC BY4.0,2023/3/1,,
430005,0000000045,熊本県,,令和4年度熊本県公立学校教員採用選考考査第二次選考考査の合格者数等について,教員採用試験受験者数、合格者数、倍率等,XLSX,教育・文化・スポーツ・生活,１年毎,https://data.bodik.jp/dataset/430005_00029,無,CC BY4.0,2023/3/1,,
430005,0000000046,熊本県,,市町村等教育長・教育委員名簿,各市町村教育委員の氏名・職名,XLS,教育・文化・スポーツ・生活,１年毎,https://data.bodik.jp/dataset/430005_00030,無,CC BY4.0,2023/3/1,,
430005,0000000047,熊本県,,熊本県遺跡地図データ（56データ中に包含）,指定文化財地点,その他,教育・文化・スポーツ・生活,,https://data.bodik.jp/dataset/430005_00031,無,CC BY4.0,2023/3/1,,
430005,0000000048,熊本県,,熊本県体力運動能力調査,児童生徒の体力・運動能力等調査報告書のデータです。,XLSX,教育・文化・スポーツ・生活,１年毎,https://data.bodik.jp/dataset/430005_00032,無,CC BY4.0,2023/3/1,,
430005,0000000049,熊本県,,H22　課題が見えた問題例（小中国語・算数・数学）、平成24～27・29～31・令和3年度全国学力・学習状況調査,全国学力・学習状況調査の結果です。,PDF,教育・文化・スポーツ・生活,,https://data.bodik.jp/dataset/430005_00033,無,CC BY4.0,2023/3/1,,
430005,0000000050,熊本県,,文化財保護法に基づく届出等件数,工事届、発掘調査（99条）、文化財認定、遺跡発見届、発掘調査届（92条）,XLSX,教育・文化・スポーツ・生活,,https://data.bodik.jp/dataset/430005_00034,無,CC BY4.0,2023/3/1,,
430005,0000000051,熊本県,,環境センター来館者数　,環境センターの来館者数,XLS,社会保障・衛生,１年毎,https://data.bodik.jp/dataset/430005_00035,無,CC BY4.0,2023/3/1,2023/7/1,
430005,0000000052,熊本県,,令和３年度産業技術センター業務実績総括表,令和３年度の産業技術センターの技術指導、設備利用、依頼試験・検査・分析等の合計値,PDF,情報通信・科学技術,１年毎,https://data.bodik.jp/dataset/430005_00036,無,CC BY4.0,2023/3/1,,
430005,0000000053,熊本県,,天草ビジターセンター来館者数、富岡ビジターセンター来館者数,天草ビジターセンターの来館者数、富岡ビジターセンターの来館者数,XLSX,司法・安全・環境,１年毎,https://data.bodik.jp/dataset/430005_00037,無,CC BY4.0,2023/3/1,,
430005,0000000054,熊本県,,くまモンスクエア来場者数,くまモンスクエアの来場者数,XLSX,運輸・観光,１ヶ月毎,https://data.bodik.jp/dataset/430005_00038,無,CC BY4.0,2023/3/1,,
430005,0000000055,熊本県,,熊本県環境月間、くまもと川と海づくりデー　等,熊本県環境月間、くまもと川と海づくりデー　等,XLSX,司法・安全・環境,１年毎,https://data.bodik.jp/dataset/430005_00039,無,CC BY4.0,2023/3/1,2023/7/1,
430005,0000000056,熊本県,,令和４年度GW特別イベント 実績,装飾古墳館の令和４年度GW特別イベント 実績,XLSX,運輸・観光,１年毎,https://data.bodik.jp/dataset/430005_00040,無,CC BY4.0,2023/3/1,,
430005,0000000057,熊本県,,熊本県新事業支援調達制度認定商品一覧,「熊本県新事業支援調達制度」認定商品一覧,XLSX,情報通信・科学技術,１年毎,https://data.bodik.jp/dataset/430005_00041,無,CC BY4.0,2023/3/1,,
430005,0000000058,熊本県,,熊本県企業誘致連絡協議会会員数,県民・団体・事業者等で構成する推進協議会等への参加者数,XLSX,企業・家計・経済,１年毎,https://data.bodik.jp/dataset/430005_00042,無,CC BY4.0,2023/3/1,,
430005,0000000059,熊本県,,企業立地ガイドKUMAMOTOアクセス数,企業立地ガイドKUMAMOTOのアクセス数,CSV,企業・家計・経済,１年毎,https://data.bodik.jp/dataset/430005_00043,無,CC BY4.0,2023/3/1,,
430005,0000000060,熊本県,,産業技術センターホームページアクセス件数,産業技術センターホームページのアクセス件数,XLSX,情報通信・科学技術,１年毎,https://data.bodik.jp/dataset/430005_00044,無,CC BY4.0,2023/3/1,,
430005,0000000061,熊本県,,銀座熊本館ホームページ　月間アクセス数及び合計値,銀座熊本館ホームページへの月間アクセス数及び合計値,XLSX,運輸・観光,１ヶ月毎,https://data.bodik.jp/dataset/430005_00045,無,CC BY4.0,2023/3/1,,
430005,0000000062,熊本県,,熊本県立高校検索ガイド　アクセス数一覧,熊本県立高校検索ガイドのアクセス数一覧,XLSX,教育・文化・スポーツ・生活,１ヶ月毎,https://data.bodik.jp/dataset/430005_00046,無,CC BY4.0,2023/3/1,,
430005,0000000063,熊本県,,熊本県警察ホームページアクセス件数,熊本県警察ホームページのアクセス件数,XLSX,司法・安全・環境,１ヶ月毎,https://data.bodik.jp/dataset/430005_00047,無,CC BY4.0,2023/3/1,2023/6/30,
430005,0000000064,熊本県,,くまモンオフィシャルホームページ月間アクセス数,くまモンオフィシャルホームページの月間アクセス数,XLSX,運輸・観光,１ヶ月毎,https://data.bodik.jp/dataset/430005_00048,無,CC BY4.0,2023/3/1,,
430005,0000000065,熊本県,,統合型防災情報システム月間アクセス数及び合計値、防災情報くまもと月間アクセス数及び合計値,"統合型防災情報システム月間アクセス数及び合計値、
防災情報くまもと月間アクセス数及び合計値",その他,司法・安全・環境,４半期毎,https://data.bodik.jp/dataset/430005_00049,無,CC BY4.0,2023/3/1,,
430005,0000000066,熊本県,,くまモンイラスト利用許諾件数,県関連キャラクターのイラスト使用許可件数等の記録,XLSX,その他,１ヶ月毎,https://data.bodik.jp/dataset/430005_00050,無,CC BY4.0,2023/3/1,,
430005,0000000067,熊本県,,くまモン出動状況表（熊本・首都圏・関西）、くまモン出動回数集計結果,県関連キャラクターの派遣回数等の記録,XLS,その他,１ヶ月毎,https://data.bodik.jp/dataset/430005_00051,無,CC BY4.0,2023/3/1,,
430005,0000000068,熊本県,,年度別入館者数,県内の美術館・博物館等の入館者数一覧です。,XLS,教育・文化・スポーツ・生活,１年毎（年報として刊行）,https://data.bodik.jp/dataset/430005_00052,無,CC BY4.0,2023/3/1,2023/7/1,
430005,0000000069,熊本県,,装飾古墳館入館者数集計表,装飾古墳館の入館者数集計表です。,XLS,教育・文化・スポーツ・生活,１年毎（年報として刊行）,https://data.bodik.jp/dataset/430005_00053,無,CC BY4.0,2023/3/1,,
430005,0000000070,熊本県,,入館者数の推移,県内の美術館・博物館等の入館者数一覧です。,XLSX,教育・文化・スポーツ・生活,１年毎,https://data.bodik.jp/dataset/430005_00054,無,CC BY4.0,2023/3/1,,
430005,0000000071,熊本県,,熊本県労働委員会委員名簿,熊本県労働委員会委員の名簿です。,DOC,労働・賃金,２年毎,https://data.bodik.jp/dataset/430005_00055,無,CC BY4.0,2023/3/1,2023/7/1,
430005,0000000072,熊本県,,【最新名簿】選挙管理委員（R2.12.25～R6.12.24）,選挙管理委員会委員の名簿です。,XLSX,行財政,４年毎,https://data.bodik.jp/dataset/430005_00056,無,CC BY4.0,2023/3/1,,
430005,0000000073,熊本県,,熊本県認知症施策・高齢者権利擁護推進会議委員名簿,熊本県認知症施策・高齢者権利擁護推進会議委員の名簿です。,XLSX,健康・福祉,２年毎,https://data.bodik.jp/dataset/430005_00057,無,CC BY4.0,2023/3/1,,
430005,0000000074,熊本県,,熊本県文化振興審議会委員名簿,熊本県文化進行審議会委員の名簿です。,XLS,教育・文化・スポーツ・生活,２年毎,https://data.bodik.jp/dataset/430005_00058,無,CC BY4.0,2023/3/1,,
430005,0000000075,熊本県,,熊本県芸術文化祭実行委員会委員名簿,熊本県芸術文化祭実行委員会委員の名簿です。,DOCX,教育・文化・スポーツ・生活,１年毎,https://data.bodik.jp/dataset/430005_00059,無,CC BY4.0,2023/3/1,2023/7/1,
430005,0000000077,熊本県,,熊本県立劇場事業評価検討委員会委員名簿,熊本県立劇場事業評価検討委員会委員の名簿です。,DOCX,教育・文化・スポーツ・生活,５年毎,https://data.bodik.jp/dataset/430005_00061,無,CC BY4.0,2023/3/1,,
430005,0000000078,熊本県,,行政文書等管理委員会委員一覧,行政文書等管理委員会委員の名簿です。,DOCX,行財政,２年毎,https://data.bodik.jp/dataset/430005_00062,無,CC BY4.0,2023/3/1,,
430005,0000000079,熊本県,,熊本県公立大学法人評価委員会委員名簿,熊本県公立大学法人評価委員会委員の名簿です。,DOC,教育・文化・スポーツ・生活,２年毎,https://data.bodik.jp/dataset/430005_00063,無,CC BY4.0,2023/3/1,2023/7/1,
430005,0000000080,熊本県,,熊本県行政不服審査会委員名簿,熊本県行政不服審査会委員の名簿です。,XLSX,行財政,２年毎,https://data.bodik.jp/dataset/430005_00064,無,CC BY4.0,2023/3/1,,
430005,0000000081,熊本県,,情報公開・個人情報保護審議会委員名簿,情報公開・個人情報保護審議会委員の名簿です。,DOC,行財政,２年毎,https://data.bodik.jp/dataset/430005_00065,無,CC BY4.0,2023/3/1,2023/7/1,
430005,0000000082,熊本県,,熊本県公益認定等審議会委員名簿,熊本県公益認定等審議会委員の名簿です。,XLSX,行財政,２年毎,https://data.bodik.jp/dataset/430005_00066,無,CC BY4.0,2023/3/1,,
430005,0000000083,熊本県,,熊本県収用委員会委員名簿,熊本県収用委員会委員の名簿です。,XLSX,住宅・土地・建設,,https://data.bodik.jp/dataset/430005_00067,無,CC BY4.0,2023/3/1,,
430005,0000000084,熊本県,,認定自動車運転代行業者一覧,県公安委員会が認定している自動車運転代行業者の一覧です。,"XLSX,CSV",運輸・観光,年４回程度,https://data.bodik.jp/dataset/430005_00068,無,CC BY4.0,2023/3/1,2023/6/30,
430005,0000000085,熊本県,,交通取締情報,交通指導取締の情報です。,XLSX,司法・安全・環境,１週間毎,https://data.bodik.jp/dataset/430005_00069,無,CC BY4.0,2023/3/1,2023/6/30,
430005,0000000086,熊本県,,交通事故統計,県内で発生した交通事故（月末）の状況です。,PDF,司法・安全・環境,１ヶ月毎（１、２月除く）,https://data.bodik.jp/dataset/430005_00070,無,CC BY4.0,2023/3/1,2023/6/30,
430005,0000000087,熊本県,,①警察署別免許人口年別推移、②市町村別・男女別免許人口、③市町村別高齢者（６５歳以上）の免許保有者数（男女別）、④市町村別高齢者（７５歳以上）の免許保有者数（男女別）、⑤警察署別免許人口、⑥高齢者の警察署別・男女別免許人口、⑦若者の警察署別・男女別免許人口,"月別の市町村別・警察署別・年齢別（全年齢,65歳以上）・男女別の免許保有者数一覧。","XLSX,XLS,PDF",司法・安全・環境,１年毎,https://data.bodik.jp/dataset/430005_00071,無,CC BY4.0,2023/3/1,2023/6/30,
430005,0000000088,熊本県,,指定自動車教習所一覧,県公安委員会が指定した自動車教習所のデータです。,XLS,司法・安全・環境,,https://data.bodik.jp/dataset/430005_00072,無,CC BY4.0,2023/3/1,2023/6/30,
430005,0000000089,熊本県,,市区町村別の主な犯罪の認知件数,犯罪行為である窃盗が発生した箇所を手口別で公開しています。,その他,司法・安全・環境,随時,https://data.bodik.jp/dataset/430005_00073,無,CC BY4.0,2023/3/1,2023/6/30,
430005,0000000090,熊本県,,熊本県内の犯罪情勢 ,県内で発生した各種犯罪統計資料です。,その他,司法・安全・環境,随時,https://data.bodik.jp/dataset/430005_00074,無,CC BY4.0,2023/3/1,2023/6/30,
430005,0000000091,熊本県,,発生市町村別の犯罪率 ,県内の犯罪発生情報です。,その他,司法・安全・環境,随時,https://data.bodik.jp/dataset/430005_00075,無,CC BY4.0,2023/3/1,2023/6/30,
430005,0000000092,熊本県,,路線バス輸送人員,路線バス及び高速バス等の輸送人員の推移,PDF,運輸・観光,１年毎,https://data.bodik.jp/dataset/430005_00076,無,CC BY4.0,2023/3/1,2023/7/31,
430005,0000000093,熊本県,,阿蘇くまもと空港利用状況,空港の利用者数,XLS,運輸・観光,１ヶ月毎,https://data.bodik.jp/dataset/430005_00077,無,CC BY4.0,2023/3/1,2023/6/30,
430005,0000000094,熊本県,,廃棄予定行政文書ファイル一覧,パブリックコメントを実施した案件の記録,"XLSX,CSV",行財政,１年毎,https://data.bodik.jp/dataset/430005_00078,無,CC BY4.0,2023/3/1,2023/6/30,
430005,0000000095,熊本県,,各月ごとの県ホームページの総アクセス数、トップページアクセス数,各月ごと県ホームページの総アクセス数、トップページアクセス数,XLSX,その他,１ヶ月毎,https://data.bodik.jp/dataset/430005_00079,無,CC BY4.0,2023/3/1,2023/7/1,
430005,0000000096,熊本県,,商工会・商工会議所数,商工会・商工会議所会員数の推移,XLSX,商業・サービス業,変更があった時,https://data.bodik.jp/dataset/430005_00080,無,CC BY4.0,2023/3/1,,
430005,0000000097,熊本県,,県整備自動車用充電器一覧,電気自動車充電施設一覧です。,XLSX,国土・気象,１年毎,https://data.bodik.jp/dataset/430005_00081,無,CC BY4.0,2023/3/1,,
430005,0000000098,熊本県,,熊本県職員採用試験等実施結果,県職員の採用試験実施状況です。,XLSX,その他,１年毎,https://data.bodik.jp/dataset/430005_00082,無,CC BY4.0,2023/3/1,,
430005,0000000099,熊本県,,熊本県消費生活課　消費者行政の概要（年度ごと）,消費生活相談受付件数,PDF,企業・家計・経済,１年毎,https://data.bodik.jp/dataset/430005_00083,無,CC BY4.0,2023/3/1,,
430005,0000000100,熊本県,,熊本県内消費生活相談窓口一覧,消費生活相談窓口一覧のデータです。,XLSX,企業・家計・経済,１年毎,https://data.bodik.jp/dataset/430005_00084,無,CC BY4.0,2023/3/1,,
430005,0000000101,熊本県,,性暴力被害者ワンストップ支援センター相談状況（R4.4.10）,性暴力被害者ワンストップ支援センター　相談状況,XLSX,司法・安全・環境,１年毎,https://data.bodik.jp/dataset/430005_00085,無,CC BY4.0,2023/3/1,2023/5/19,
430005,0000000102,熊本県,,熊本県グリーン購入推進方針に係る調達実績,県庁のグリーン購入調達率データです。,PDF,司法・安全・環境,１年毎,https://data.bodik.jp/dataset/430005_00086,無,CC BY4.0,2023/3/1,,
430005,0000000103,熊本県,,熊本県庁舎等建築物個別施設計画,庁舎等建築物についての長寿命化計画です。,PDF,行財政,,https://data.bodik.jp/dataset/430005_00087,無,CC BY4.0,2023/3/1,,
430005,0000000104,熊本県,,不在者投票施設一覧,県内の不在者投票施設一覧です。,"XLS,CSV",行財政,,https://data.bodik.jp/dataset/430005_00088,無,CC BY4.0,2023/3/1,,
430005,0000000105,熊本県,,ふるさと納税に関する現況調査,ふるさと納税の実績です。,XLSX,行財政,１年毎,https://data.bodik.jp/dataset/430005_00089,無,CC BY4.0,2023/3/1,,
430005,0000000106,熊本県,,ふるさとくまもと応援寄附金　当該年度実績（金額のみ）,ふるさと納税の実績です。,PDF,行財政,,https://data.bodik.jp/dataset/430005_00090,無,CC BY4.0,2023/3/1,,
430005,0000000107,熊本県,,固定資産の価格等の概要調書,固定資産の価格等の概要です。,XLSX,行財政,１年毎,https://data.bodik.jp/dataset/430005_00091,無,CC BY4.0,2023/3/1,,
430005,0000000108,熊本県,,ふるさとくまもと応援寄附金　登録団体データ,ふるさと納税指定先NPO等一覧のデータです。,XLSX,行財政,,https://data.bodik.jp/dataset/430005_00092,無,CC BY4.0,2023/3/1,,
430005,0000000109,熊本県,,市町村要覧,県内の一部事務組合及び広域連合の所在地等,XLS,行財政,１年毎（７～８月）,https://data.bodik.jp/dataset/430005_00093,無,CC BY4.0,2023/3/1,,
430005,0000000110,熊本県,,事務・権限移譲推進指針重点事務状況一覧,各市町の権限移譲状況です。,XLS,行財政,１年毎（年度初）,https://data.bodik.jp/dataset/430005_00094,無,CC BY4.0,2023/3/1,,
430005,0000000111,熊本県,,公有財産表,県が所有する土地・建物等の財産の一覧表です。,XLSX,行財政,1年毎（年度更新）,https://data.bodik.jp/dataset/430005_00095,無,CC BY4.0,2023/3/1,,
430005,0000000112,熊本県,,情報公開条例及び個人情報保護条例の運用状況,県情報公開条例及び県個人情報保護条例の運用状況について公表するもの,"XLSX,XLS",行財政,１年毎,https://data.bodik.jp/dataset/430005_00096,無,CC BY4.0,2023/3/1,,
430005,0000000113,熊本県,,①財政事情、②令和２年度財務書類、③中期的な財政収支の試算（令和3年10月）,県財政情報の公表情報、財務諸表、財政収支の見通しに関するデータ,PDF,行財政,①半年に１回、②年１回、③不定期,https://data.bodik.jp/dataset/430005_00097,無,CC BY4.0,2023/3/1,,
430005,0000000114,熊本県,,市町村要覧,県内の姉妹・友好都市提携の状況（提携年月日、提携の契機、交流の状況等）,XLSX,行財政,１年毎（７～８月）,https://data.bodik.jp/dataset/430005_00098,無,CC BY4.0,2023/3/1,,
430005,0000000115,熊本県,,熊本県知事所管が所管する公益法人及び移行法人の名称、代表理事の氏名等,新公益法人制度に移行した公益社団法人・公益財団法人及び一般社団法人・一般財団法人の名称等,XLSX,行財政,６ヶ月毎,https://data.bodik.jp/dataset/430005_00099,無,CC BY4.0,2023/3/1,2023/7/1,
430005,0000000116,熊本県,,市町村長名簿,市町村の４役名簿データ,XLSX,行財政,"4,月7月,12月（定期照会月）
選挙等により変更があれば随時更新",https://data.bodik.jp/dataset/430005_00100,無,CC BY4.0,2023/3/1,,
430005,0000000117,熊本県,,市町村要覧,市町村の所在地・連絡先 市町庁舎及び総合支所・総合事務所の所在地・連絡先データ,XLS,行財政,１年毎（７～８月）,https://data.bodik.jp/dataset/430005_00101,無,CC BY4.0,2023/3/1,,
430005,0000000118,熊本県,,市町村要覧,県内市町議会議員定数及び任期等の一覧です。,"XLS,CSV",行財政,１年毎（７～８月）,https://data.bodik.jp/dataset/430005_00102,無,CC BY4.0,2023/3/1,,
430005,0000000119,熊本県,,令和2年度市町村財政の概要（上巻、下巻）,県内市町村の財政状況です。,PDF,行財政,１年毎,https://data.bodik.jp/dataset/430005_00103,無,CC BY4.0,2023/3/1,,
430005,0000000120,熊本県,,市町村民税課税状況等の調,市町村の市町村税の課税状況等を調査したもの,XLSX,行財政,１年毎,https://data.bodik.jp/dataset/430005_00104,無,CC BY4.0,2023/3/1,,
430005,0000000121,熊本県,,決算統計第6表　市町村税の徴収実績,市町村税の徴収状況の調査結果,CSV,行財政,１年毎,https://data.bodik.jp/dataset/430005_00105,無,CC BY4.0,2023/3/1,,
430005,0000000122,熊本県,,指定管理者制度導入施設一覧,県が設置した公の施設のうち指定管理者制度を導入している施設、指定管理者の名称等,XLSX,行財政,１年毎,https://data.bodik.jp/dataset/430005_00106,無,CC BY4.0,2023/3/1,2023/7/1,
430005,0000000123,熊本県,,宗教法人名簿,宗教法人の名簿,"XLSX,CSV",教育・文化・スポーツ・生活,１年毎,https://data.bodik.jp/dataset/430005_00107,無,CC BY4.0,2023/3/1,,
430005,0000000124,熊本県,,職員給与・定員管理等の状況について,県の職員給与・定員管理等の状況について公表しています。,XLSX,行財政,１年に２回,https://data.bodik.jp/dataset/430005_00108,無,CC BY4.0,2023/3/1,2023/7/1,
430005,0000000125,熊本県,,熊本県職員の人事行政の運営等の状況の公表,県の人事行政の運営の状況及び福岡県人事委員会の業務の状況について公表しています。,PDF,行財政,１年毎,https://data.bodik.jp/dataset/430005_00109,無,CC BY4.0,2023/3/1,,
430005,0000000126,熊本県,,税務統計,税務統計書のデータです。,PDF,行財政,１年毎,https://data.bodik.jp/dataset/430005_00110,無,CC BY4.0,2023/3/1,,
430005,0000000127,熊本県,,当初予算額・補正予算額と主な内容,予算額及びその内容,PDF,行財政,予算編成毎,https://data.bodik.jp/dataset/430005_00111,無,CC BY4.0,2023/3/1,,
430005,0000000128,熊本県,,駐車場設置情報一覧表,県営住宅の駐車場利用状況,"XLSX,CSV",住宅・土地・建設,１ヶ月毎,https://data.bodik.jp/dataset/430005_00112,無,CC BY4.0,2023/3/1,,
430005,0000000129,熊本県,,離島振興対策対策実施地域一覧,離島一覧です。,DOCX,地域コミュニティ,１年毎,https://data.bodik.jp/dataset/430005_00113,無,CC BY4.0,2023/3/1,2023/7/1,
430005,0000000130,熊本県,,システム利用件数、所属数、所属ごとの会議数,テレビ会議システムの利用実績,XLSX,情報通信・科学技術,１ヶ月毎,https://data.bodik.jp/dataset/430005_00114,無,CC BY4.0,2023/3/1,,
430005,0000000131,熊本県,,県内の携帯電話不感地域のリスト,携帯電話不感世帯数調査,XLSX,情報通信・科学技術,１年毎,https://data.bodik.jp/dataset/430005_00115,無,CC BY4.0,2023/3/1,,
430005,0000000132,熊本県,,公的個人認証サービス電子証明書発行件数,都道府県、市町村の電子証明書発行件数等,XLSX,行財政,１ヶ月毎,https://data.bodik.jp/dataset/430005_00116,無,CC BY4.0,2023/3/1,,
430005,0000000133,熊本県,,電子申請件数、オンライン申請数,手続きごとの総申請件数・オンラインでの申請件数の統計,XLSX,行財政,１年毎,https://data.bodik.jp/dataset/430005_00117,無,CC BY4.0,2023/3/1,,
430005,0000000134,熊本県,,学校一覧,市町村別の小学校数及び児童数一覧。,"DOC,XLSX",教育・文化・スポーツ・生活,年２回,https://data.bodik.jp/dataset/430005_00118,無,CC BY4.0,2023/3/1,,
430005,0000000135,熊本県,,学校一覧,市町村別の中学校の生徒数です。,"DOC,XLSX",教育・文化・スポーツ・生活,年２回,https://data.bodik.jp/dataset/430005_00119,無,CC BY4.0,2023/3/1,,
430005,0000000136,熊本県,,令和２年度市町村財政の概要（上巻）,市町村別時系列の財政力指数です。,PDF,行財政,１年毎,https://data.bodik.jp/dataset/430005_00120,無,CC BY4.0,2023/3/1,,
430005,0000000137,熊本県,,選挙人名簿,市町村別時系列の選挙人名簿登録者数です。,XLS,行財政,四半期毎,https://data.bodik.jp/dataset/430005_00121,無,CC BY4.0,2023/3/1,,
430005,0000000138,熊本県,,毎月勤労統計調査,統計法に基づく基幹統計で、賃金、労働時間及び雇用について、毎月の変動状況を明らかにすることを目的とした調査です。,その他,労働・賃金,月報（1ｹ月毎）、年平均（毎年１回）,https://data.bodik.jp/dataset/430005_00122,無,CC BY4.0,2023/3/1,,
430005,0000000139,熊本県,,県内各市町村のラスパイレス指数,県内市町のラスパイレス指数,XLSX,労働・賃金,１年毎,https://data.bodik.jp/dataset/430005_00123,無,CC BY4.0,2023/3/1,,
430005,0000000140,熊本県,,令和２年度市町村財政の概要（上巻）,各市町村　経常収支比率,PDF,行財政,１年毎,https://data.bodik.jp/dataset/430005_00124,無,CC BY4.0,2023/3/1,,
430005,0000000141,熊本県,,令和２年度市町村財政の概要（上巻）,各市町村　財政力指数,PDF,行財政,１年毎,https://data.bodik.jp/dataset/430005_00125,無,CC BY4.0,2023/3/1,,
430005,0000000142,熊本県,,令和２年度市町村財政の概要（上巻）,各市町村　実質公債費比率,PDF,行財政,１年毎,https://data.bodik.jp/dataset/430005_00126,無,CC BY4.0,2023/3/1,,
430005,0000000143,熊本県,,令和２年度市町村財政の概要（上巻）,各市町村　将来負担比率,PDF,行財政,１年毎,https://data.bodik.jp/dataset/430005_00127,無,CC BY4.0,2023/3/1,,
430005,0000000144,熊本県,,熊本県の人口と世帯数,各市町村別人口です。,その他,人口・世帯,１ヶ月毎,https://data.bodik.jp/dataset/430005_00128,無,CC BY4.0,2023/3/1,,
430005,0000000145,熊本県,,熊本県の人口と世帯数（年報）,県の人口推計（年報）データです。市町村別人口増加率、世帯あたり人員、年少人口（割合）、生産年齢人口（割合）、老年人口（割合）等,その他,人口・世帯,１年毎,https://data.bodik.jp/dataset/430005_00129,無,CC BY4.0,2023/3/1,,
430005,0000000146,熊本県,,熊本県の人口と世帯数,市町村別世帯数一覧。,その他,人口・世帯,１ヶ月毎,https://data.bodik.jp/dataset/430005_00130,無,CC BY4.0,2023/3/1,,
430005,0000000147,熊本県,,学校保健統計調査 結果概要熊本県分（速報値・確定値）,統計法に基づく基幹統計で、学校における幼児、児童及び生徒の発育及び健康の状態を明らかにするための調査です。,その他,教育・文化・スポーツ・生活,１年毎,https://data.bodik.jp/dataset/430005_00131,無,CC BY4.0,2023/3/1,,
430005,0000000148,熊本県,,熊本県景気動向指数,景気動向指数とは、経済活動の動きを数量的、総合的に計測、把握することにより、景気の現状把握及び将来予測に資するために作成した指標です（毎月更新）。,XLSX,企業・家計・経済,１ヶ月毎,https://data.bodik.jp/dataset/430005_00132,無,CC BY4.0,2023/3/1,,
430005,0000000149,熊本県,,経済センサス‐活動調査 確報集計結果（熊本県分）経済センサス-活動調査の県の概要及び産業別集計（製造業に関する集計）の県の調査結果（確報値）,経済センサス-活動調査の県の概要及び産業別集計（製造業に関する集計）の県の調査結果（確報値）です。,"XLSX,PDF",企業・家計・経済,５年毎,https://data.bodik.jp/dataset/430005_00133,無,CC BY4.0,2023/3/1,,
430005,0000000150,熊本県,,年経済センサス‐基礎調査 確報集計結果（熊本県分）,経済センサス-基礎調査の県の概要です。,"XLSX,PDF",企業・家計・経済,５年毎,https://data.bodik.jp/dataset/430005_00134,無,CC BY4.0,2023/3/1,,
430005,0000000152,熊本県,,熊本県の人口と世帯数,県の人口推計（月報）のデータです。,その他,人口・世帯,１ヶ月毎,https://data.bodik.jp/dataset/430005_00136,無,CC BY4.0,2023/3/1,,
430005,0000000153,熊本県,,熊本県産業連関表,県産業連関表です。,その他,企業・家計・経済,原則５年毎,https://data.bodik.jp/dataset/430005_00137,無,CC BY4.0,2023/3/1,,
430005,0000000154,熊本県,,県民経済計算,県民経済計算データです。,XLSX,企業・家計・経済,１ヶ月毎,https://data.bodik.jp/dataset/430005_00138,無,CC BY4.0,2023/3/1,,
430005,0000000155,熊本県,,工業統計調査結果,工業統計調査のデータです。,その他,鉱工業,年１回。令和２年で調査中止,https://data.bodik.jp/dataset/430005_00139,無,CC BY4.0,2023/3/1,,
430005,0000000156,熊本県,,熊本県鉱工業指数（生産・出荷・在庫）月報,県鉱工業指数の月報です。,その他,鉱工業,１ヶ月毎,https://data.bodik.jp/dataset/430005_00140,無,CC BY4.0,2023/3/1,,
430005,0000000157,熊本県,,熊本県鉱工業指数（生産・出荷・在庫）年報,県鉱工業指数の年報です。,その他,鉱工業,１年毎,https://data.bodik.jp/dataset/430005_00141,無,CC BY4.0,2023/3/1,,
430005,0000000158,熊本県,,※公表中※国勢調査速報（結果の概要、市町村別人口）,国勢調査の結果です。,"XLSX,PDF",人口・世帯,概ね5年毎,https://data.bodik.jp/dataset/430005_00142,無,CC BY4.0,2023/3/1,,
430005,0000000159,熊本県,,市町村民経済計算,県の市町村民経済計算を掲載しています。市町村民経済計算とは、県内各市町村の1年度間の経済活動を生産・分配の二面からとらえ、その規模や構造、所得の水準や循環等、各地域の経済力を総合的・計量的に明らかにしたものです。,その他,企業・家計・経済,１年毎,https://data.bodik.jp/dataset/430005_00143,無,CC BY4.0,2023/3/1,,
430005,0000000160,熊本県,,事業所・企業統計調査の結果,事業所統計調査の統計表です。,その他,企業・家計・経済,５年毎。平成18年で調査中止。,https://data.bodik.jp/dataset/430005_00144,無,CC BY4.0,2023/3/1,,
430005,0000000161,熊本県,,平成23年社会生活基本調査,社会生活基本調査の県結果。,PDF,企業・家計・経済,５年毎,https://data.bodik.jp/dataset/430005_00145,無,CC BY4.0,2023/3/1,,
430005,0000000162,熊本県,,平成29年就業構造基本調査（熊本県関係分）について,就業構造基本調査の調査結果概要です。,"XLSX,PDF",企業・家計・経済,５年毎,https://data.bodik.jp/dataset/430005_00146,無,CC BY4.0,2023/3/1,,
430005,0000000163,熊本県,,商業統計調査確報（熊本県分）,商業統計調査の調査結果です。,その他,商業・サービス業,５年毎。平成26年で調査中止。,https://data.bodik.jp/dataset/430005_00147,無,CC BY4.0,2023/3/1,,
430005,0000000164,熊本県,,令和4年（2022年）熊本市の消費者物価指数（月報）,消費者物価指数の年報です。,その他,企業・家計・経済,１ヶ月毎,https://data.bodik.jp/dataset/430005_00148,無,CC BY4.0,2023/3/1,,
430005,0000000165,熊本県,,熊本県統計年鑑,熊本県の沿革、人口、産業、経済社会及び教育など、各分野にわたる基本的な統計データを時系列かつ体系的に収録し、県勢の現状と推移を明らかにしたものです。,その他,その他,概ね１年毎,https://data.bodik.jp/dataset/430005_00149,無,CC BY4.0,2023/3/1,,
430005,0000000166,熊本県,,農林業センサス農業経営体調査熊本県結果報告（秘匿あり）,農林業センサスの調査結果です。,その他,農林水産業,５年毎,https://data.bodik.jp/dataset/430005_00150,無,CC BY4.0,2023/3/1,,
430005,0000000167,熊本県,,管理戸数集計表,県営住宅団地ごとの管理物件状況一覧,"XLSX,CSV",住宅・土地・建設,１ヶ月毎,https://data.bodik.jp/dataset/430005_00151,無,CC BY4.0,2023/3/1,,
430005,0000000168,熊本県,,クルーズ船入港実績,クルーズ客船寄港実績です。,PDF,運輸・観光,１年毎,https://data.bodik.jp/dataset/430005_00152,無,CC BY4.0,2023/3/1,,
430005,0000000169,熊本県,,高潮浸水想定区域図,沿岸高潮浸水想定区域図のshapeデータ,その他,国土・気象,,https://data.bodik.jp/dataset/430005_00153,無,CC BY4.0,2023/3/1,,
430005,0000000170,熊本県,,屋外広告業登録データベース・受付簿,屋外広告業者一覧です。,"XLSX,CSV,PDF",商業・サービス業,申請毎,https://data.bodik.jp/dataset/430005_00154,無,CC BY4.0,2023/3/1,2023/7/1,
430005,0000000171,熊本県,,海岸台帳,海岸保全区域に係る情報,その他,国土・気象,,https://data.bodik.jp/dataset/430005_00155,無,CC BY4.0,2023/3/1,,
430005,0000000172,熊本県,,公示図書,急傾斜地崩壊危険区域です。,XML,国土・気象,,https://data.bodik.jp/dataset/430005_00156,無,CC BY4.0,2023/3/1,,
430005,0000000173,熊本県,,橋梁管理一覧表,県管理橋梁の一覧です。,"XLSX,CSV",住宅・土地・建設,１年毎,https://data.bodik.jp/dataset/430005_00157,無,CC BY4.0,2023/3/1,2023/7/1,
430005,0000000174,熊本県,,景観計画策定状況,県内市町村の景観計画策定状況,XLSX,住宅・土地・建設,,https://data.bodik.jp/dataset/430005_00158,無,CC BY4.0,2023/3/1,,
430005,0000000175,熊本県,,景観行政団体移行状況,県内市町村の景観行政団体移行状況,XLSX,住宅・土地・建設,,https://data.bodik.jp/dataset/430005_00159,無,CC BY4.0,2023/3/1,,
430005,0000000176,熊本県,,確認申請手数料一覧、許可等手数料一覧,各種建築基準法に基づく手数料の徴収状況,"XLS,CSV,DOCX",住宅・土地・建設,,https://data.bodik.jp/dataset/430005_00160,無,CC BY4.0,2023/3/1,,
430005,0000000177,熊本県,,県営住宅入居者募集結果集計表,県営住宅の入居者募集に関する応募状況と入居決定結果,XLSX,住宅・土地・建設,１ヶ月毎,https://data.bodik.jp/dataset/430005_00161,無,CC BY4.0,2023/3/1,,
430005,0000000178,熊本県,,県港湾位置図,県港湾位置図です。,GIF,住宅・土地・建設,,https://data.bodik.jp/dataset/430005_00162,無,CC BY4.0,2023/3/1,,
430005,0000000179,熊本県,,県港湾一覧表,県港湾一覧です。,"DOCX,PDF",住宅・土地・建設,,https://data.bodik.jp/dataset/430005_00163,無,CC BY4.0,2023/3/1,,
430005,0000000180,熊本県,,個数状況集計表,県の公営住宅の年度毎区分別建設戸数,"XLSX,CSV",住宅・土地・建設,１ヶ月毎,https://data.bodik.jp/dataset/430005_00164,無,CC BY4.0,2023/3/1,,
430005,0000000181,熊本県,,洪水浸水想定区域図,管理河川の洪水浸水想定区域図（想定最大規模）のshapeデータ,その他,国土・気象,,https://data.bodik.jp/dataset/430005_00165,無,CC BY4.0,2023/3/1,,
430005,0000000182,熊本県,,港湾台帳,県内の港湾施設のリスト（港湾厚生施設）,その他,住宅・土地・建設,,https://data.bodik.jp/dataset/430005_00166,無,CC BY4.0,2023/3/1,,
430005,0000000183,熊本県,,港湾統計月報・年報,各港湾の入港船舶、コンテナ貨物の推移,その他,運輸・観光,１か月毎/１年毎,https://data.bodik.jp/dataset/430005_00167,無,CC BY4.0,2023/3/1,,
430005,0000000184,熊本県,,浄化槽の指導普及に関する調査,市町村ごとに単独・合併の種別で設置基数を記録している。,"XLSX,CSV",住宅・土地・建設,１年毎,https://data.bodik.jp/dataset/430005_00168,無,CC BY4.0,2023/3/1,,
430005,0000000185,熊本県,,熊本県登録浄化槽保守点検業者一覧,浄化槽保守点検業者一覧のデータです。,"XLSX,CSV",住宅・土地・建設,,https://data.bodik.jp/dataset/430005_00169,無,CC BY4.0,2023/3/1,2023/7/1,
430005,0000000186,熊本県,,熊本県の汚水処理人口普及率,市町村ごとに各汚水処理施設ごとの生活排水処理人口及びその割合を集計している。,"XLSX,CSV",住宅・土地・建設,１年毎,https://data.bodik.jp/dataset/430005_00170,無,CC BY4.0,2023/3/1,,
430005,0000000187,熊本県,,公示図書,地すべり防止区域です。,その他,国土・気象,不定期,https://data.bodik.jp/dataset/430005_00171,無,CC BY4.0,2023/3/1,,
430005,0000000188,熊本県,,津波浸水想定区域図,県津波浸水想定のshapeデータ,その他,国土・気象,,https://data.bodik.jp/dataset/430005_00172,無,CC BY4.0,2023/3/1,,
430005,0000000189,熊本県,,都市計画区域指定一覧表,都市計画区域です。,"XLSX,PDF",国土・気象,概ね５年毎,https://data.bodik.jp/dataset/430005_00173,無,CC BY4.0,2023/3/1,2023/7/1,
430005,0000000190,熊本県,,公園施設管理台帳,県内の都市公園台帳一覧です。,"XLSX,CSV",住宅・土地・建設,５年毎,https://data.bodik.jp/dataset/430005_00174,無,CC BY4.0,2023/3/1,,
430005,0000000191,熊本県,,区域shapeデータ,県に関係する土砂災害警戒区域等のshapeデータです。,その他,国土・気象,不定期,https://data.bodik.jp/dataset/430005_00175,無,CC BY4.0,2023/3/1,,
430005,0000000192,熊本県,,県営住宅の年度別UD改善戸数,建替事業及び改善事業の実績,XLSX,住宅・土地・建設,１年毎,https://data.bodik.jp/dataset/430005_00176,無,CC BY4.0,2023/3/1,2023/7/1,
430005,0000000193,熊本県,,「ＲＥＮＧＡ」認定商品一覧、認定番号、商品名、作り手のこだわり、取扱店、希望小売価格（税別）容量、販売者の一覧,くまもと県南フードバレー推進協議会会員がこだわりを持って作った商品をくまもと県南フードバレーブランド「RENGA」商品として認定しております。,PDF,農林水産業,,https://data.bodik.jp/dataset/430005_00177,無,CC BY4.0,2023/3/1,,
430005,0000000194,熊本県,,熊本県畜産統計,家畜飼養頭羽数調査結果,XLSX,農林水産業,１年毎,https://data.bodik.jp/dataset/430005_00178,無,CC BY4.0,2023/3/1,,
430005,0000000195,熊本県,,熊本県花き生産実績,県産花きの項目毎の生産量、栽培面積等の情報,"XLS,PDF",農林水産業,１年毎,https://data.bodik.jp/dataset/430005_00179,無,CC BY4.0,2023/3/1,,
430005,0000000196,熊本県,,企業・法人等との協働の森づくり協定実績一覧,県内で行う企業による森づくりの実績を集計,XLSX,農林水産業,,https://data.bodik.jp/dataset/430005_00180,無,CC BY4.0,2023/3/1,,
430005,0000000197,熊本県,,企業法人等の協働の森づくり登録フィールド一覧,企業の森づくりが可能な登録フィールドの場所並びに面積を掲載,XLSX,農林水産業,,https://data.bodik.jp/dataset/430005_00181,無,CC BY4.0,2023/3/1,,
430005,0000000198,熊本県,,熊本県の畜産の概要,県畜産の概要のデータです。,DOCX,農林水産業,１年毎,https://data.bodik.jp/dataset/430005_00182,無,CC BY4.0,2023/3/1,,
430005,0000000199,熊本県,,牧草・飼料作物奨励品種一覧,県牧草・飼料作物の奨励品種一覧,PDF,農林水産業,１年毎,https://data.bodik.jp/dataset/430005_00183,無,CC BY4.0,2023/3/1,,
430005,0000000200,熊本県,,農業動向年報,本県における農業構造、農家経済及び農業生産の動向等について取りまとめたもの,PDF,農林水産業,１年毎,https://data.bodik.jp/dataset/430005_00184,無,CC BY4.0,2023/3/1,,
430005,0000000201,熊本県,,農業動向年報,本県における農業構造、農家経済及び農業生産の動向等について取りまとめたもの,PDF,農林水産業,１年毎,https://data.bodik.jp/dataset/430005_00185,無,CC BY4.0,2023/3/1,,
430005,0000000202,熊本県,,林業統計要覧,民有林面積に占める林道等の林内路網の開設や舗装の延長等,XLSX,農林水産業,１年毎,https://data.bodik.jp/dataset/430005_00186,無,CC BY4.0,2023/3/1,,
430005,0000000203,熊本県,,熊本県の水産,熊本県の水産に関する統計データです。,PDF,農林水産業,１年毎,https://data.bodik.jp/dataset/430005_00187,無,CC BY4.0,2023/3/1,,
430005,0000000204,熊本県,,熊本県果樹振興実績書　印刷用データ,農林水産省生産局からの依頼による「特産果樹生産動態等調査」、及び「県農業統計調査（果樹）」についてとりまとめたものです。,PDF,農林水産業,１年毎,https://data.bodik.jp/dataset/430005_00188,無,CC BY4.0,2023/3/1,,
430005,0000000205,熊本県,,農業動向年報,県農林水産白書データ,PDF,農林水産業,１年毎,https://data.bodik.jp/dataset/430005_00189,無,CC BY4.0,2023/3/1,,
430005,0000000206,熊本県,,農業動向年報,県農林水産白書データ,PDF,農林水産業,１年毎,https://data.bodik.jp/dataset/430005_00190,無,CC BY4.0,2023/3/1,,
430005,0000000207,熊本県,,林業統計要覧,農林水産部業務別資料等に基づいて作成した県の森林・林業に係る統計,PDF,農林水産業,１年毎,https://data.bodik.jp/dataset/430005_00191,無,CC BY4.0,2023/3/1,,
430005,0000000208,熊本県,,入院・外来医療データ,県立病院の患者数、一日平均患者数の推移を一覧にしたもの,"DOCX,PDF",社会保障・衛生,１年毎,https://data.bodik.jp/dataset/430005_00192,無,CC BY4.0,2023/3/1,,
430005,0000000209,熊本県,,「病院概要」データ（県立病院の所在地、診療科目、病床数等）,県立病院の所在地、診療科目、病床数等,"DOCX,PDF",社会保障・衛生,１年毎,https://data.bodik.jp/dataset/430005_00193,無,CC BY4.0,2023/3/1,,
430005,0000000210,熊本県,,「病院概要」データ（県立病院事業の財務諸表データ）,県立病院事業の財務諸表データ,"DOCX,PDF",社会保障・衛生,１年毎,https://data.bodik.jp/dataset/430005_00194,無,CC BY4.0,2023/3/1,,
430005,0000000211,熊本県,,「病院概要」データ（県立病院における作業療法件数の一覧）,県立病院における作業療法件数の一覧,"DOCX,PDF",社会保障・衛生,１年毎,https://data.bodik.jp/dataset/430005_00195,無,CC BY4.0,2023/3/1,,
430005,0000000212,熊本県,,「病院概要」データ（全病院総括及び県立病院の診療科ごとの延入院・延外来患者数の一覧）,全病院総括及び県立病院の診療科ごとの延入院・延外来患者数の一覧,"DOCX,PDF",社会保障・衛生,１年毎,https://data.bodik.jp/dataset/430005_00196,無,CC BY4.0,2023/3/1,,
430005,0000000213,熊本県,,「病院概要」データ（県立病院の病種別（一般、感染症、精神）の病床利用率）,県立病院の病種別（一般、感染症、精神）の病床利用率,"DOCX,PDF",社会保障・衛生,１年毎,https://data.bodik.jp/dataset/430005_00197,無,CC BY4.0,2023/3/1,,
430005,0000000214,熊本県,,「病院概要」データ（県立病院における放射線検査・治療の内訳別（単純撮影、CT、MRI、リニアック等）件数一覧）,県立病院における放射線検査・治療の内訳別（単純撮影、CT、MRI、リニアック等）件数一覧,"DOCX,PDF",社会保障・衛生,１年毎,https://data.bodik.jp/dataset/430005_00198,無,CC BY4.0,2023/3/1,,
430005,0000000215,熊本県,,「病院概要」データ（県立病院における臨床検査の種類（血液学的検査、生化学的検査等）別検査件数）,県立病院における臨床検査の種類（血液学的検査、生化学的検査等）別検査件数,"DOCX,PDF",社会保障・衛生,１年毎,https://data.bodik.jp/dataset/430005_00199,無,CC BY4.0,2023/3/1,,
430005,0000000216,熊本県,,私立幼稚園園児数調査,市町別時系列の幼稚園数・在園児数です。,"XLSX,CSV",子育て,１年毎,https://data.bodik.jp/dataset/430005_00200,無,CC BY4.0,2023/3/1,,
430005,0000000217,熊本県,,認定こども園に関する調査,市町別時系列の幼保連携認定こども園数・在園児数です。,"XLSX,CSV",子育て,１年毎,https://data.bodik.jp/dataset/430005_00201,無,CC BY4.0,2023/3/1,,
430005,0000000218,熊本県,,DV相談件数,ＤＶネットワーク会議にて提供しているDV相談件数に係る資料,XLS,司法・安全・環境,１年毎,https://data.bodik.jp/dataset/430005_00202,無,CC BY4.0,2023/3/1,,
430005,0000000219,熊本県,,児童福祉施設一覧,児童施設一覧。,XLSX,子育て,,https://data.bodik.jp/dataset/430005_00203,無,CC BY4.0,2023/3/1,,
430005,0000000220,熊本県,,食品営業許可施設、届出施設データ,食品営業許可および届出の全一覧。 年1回程度更新予定。,"XLSX,CSV",社会保障・衛生,必要に応じ都度出力,https://data.bodik.jp/dataset/430005_00204,無,CC BY4.0,2023/3/1,,
430005,0000000221,熊本県,,ハートフルパス協力施設（施設区分別）一覧,ハートフルパス協力施設（施設区分別）一覧です。,XLSX,健康・福祉,,https://data.bodik.jp/dataset/430005_00205,無,CC BY4.0,2023/3/1,,
430005,0000000222,熊本県,,ハートフルパス協力施設一覧,ハートフルパス駐車場制度の協力施設をまとめたもの。,XLSX,健康・福祉,,https://data.bodik.jp/dataset/430005_00206,無,CC BY4.0,2023/3/1,,
430005,0000000223,熊本県,,H29年度熊本県ひとり親家庭等実態調査　調査データ,ひとり親世帯等実態調査の概要です,XLSX,健康・福祉,５年に１回,https://data.bodik.jp/dataset/430005_00207,無,CC BY4.0,2023/3/1,,
430005,0000000224,熊本県,,外国人患者を受け入れる医療機関の情報を取りまとめたリスト,外国語に対応できる県内の病院の一覧です。,"XLSX,CSV",社会保障・衛生,,https://data.bodik.jp/dataset/430005_00208,無,CC BY4.0,2023/3/1,2023/7/1,
430005,0000000225,熊本県,,感染症発生動向調査週報,県における感染症の発生状況です。,PDF,社会保障・衛生,週に１回,https://data.bodik.jp/dataset/430005_00209,無,CC BY4.0,2023/3/1,,
430005,0000000226,熊本県,,（報道資料）日本脳炎注意報の発令について,感染症流行予測調査結果情報です。,PDF,社会保障・衛生,１年毎程度,https://data.bodik.jp/dataset/430005_00210,無,CC BY4.0,2023/3/1,,
430005,0000000227,熊本県,,救急医療機関一覧,救急医療機関一覧です。,"XLSX,CSV",社会保障・衛生,,https://data.bodik.jp/dataset/430005_00211,無,CC BY4.0,2023/3/1,2023/7/1,
430005,0000000228,熊本県,,救急医療体制図,救急医療体制図です。,PPTX,社会保障・衛生,,https://data.bodik.jp/dataset/430005_00212,無,CC BY4.0,2023/3/1,,
430005,0000000229,熊本県,,熊本県の結核（概要版）,結核の発生状況や福岡県結核予防計画等に基づく保健所等での対策の取組状況,PDF,社会保障・衛生,１年毎,https://data.bodik.jp/dataset/430005_00213,無,CC BY4.0,2023/3/1,,
430005,0000000230,熊本県,,献血者数,県内の献血種類別献血者数の年度毎のデータです。,XLSX,社会保障・衛生,１年毎,https://data.bodik.jp/dataset/430005_00214,無,CC BY4.0,2023/3/1,,
430005,0000000231,熊本県,,母子保健に関する統計,県内の母子保健に関する統計,PDF,社会保障・衛生,１年毎,https://data.bodik.jp/dataset/430005_00215,無,CC BY4.0,2023/3/1,2023/7/31,
430005,0000000232,熊本県,,営業所名称,高度管理医療機器販売業・貸与業のリスト,"XLSX,CSV",健康・福祉,,https://data.bodik.jp/dataset/430005_00216,無,CC BY4.0,2023/3/1,,
430005,0000000233,熊本県,,熊本県内市町村別、男女別人口、高齢者人口、後期高齢者人口（令和３年）（R3.10.1）,全国・県内の高齢者数や高齢化率等の情報,XLSX,健康・福祉,１年毎,https://data.bodik.jp/dataset/430005_00217,無,CC BY4.0,2023/3/1,,
430005,0000000234,熊本県,,国民健康保険事業状況報告書（月報、年報）、後期高齢者医療事業状況報告書（月報、年報）,国保医療費及び後期高齢者医療費一覧,その他,健康・福祉,月報：１ヶ月毎　年報：１年毎,https://data.bodik.jp/dataset/430005_00218,無,CC BY4.0,2023/3/1,,
430005,0000000235,熊本県,,災害拠点病院一覧,災害拠点病院です。,"XLSX,CSV",社会保障・衛生,,https://data.bodik.jp/dataset/430005_00219,無,CC BY4.0,2023/3/1,2023/7/1,
430005,0000000236,熊本県,,指定障害福祉サービス事業所一覧,障害者総合支援法に基づき指定した共同生活援助事業所のリスト,XLSX,健康・福祉,１年毎,https://data.bodik.jp/dataset/430005_00220,無,CC BY4.0,2023/3/1,,
430005,0000000237,熊本県,,指定自立支援医療機関,指定自立支援医療機関（病院・薬局・訪問看護ステーション）の名簿,XLSX,健康・福祉,１年毎,https://data.bodik.jp/dataset/430005_00221,無,CC BY4.0,2023/3/1,,
430005,0000000238,熊本県,,指定障害福祉サービス事業所一覧,障害者総合支援法に基づき指定した障害者支援施設のリスト,XLSX,健康・福祉,１年毎,https://data.bodik.jp/dataset/430005_00222,無,CC BY4.0,2023/3/1,,
430005,0000000239,熊本県,,自立支援医療費（精神通院医療費）支給認定状況,障害者総合支援法に基づく自立支援医療（精神通院）の受給者数です。,XLSX,健康・福祉,１年毎,https://data.bodik.jp/dataset/430005_00223,無,CC BY4.0,2023/3/1,,
430005,0000000240,熊本県,,国庫補助協議等一覧,「社会福祉施設等施設整備費国庫補助協議を行う社会福祉施設の設置主体の名称等公表並びに国又は県の補助金の交付を受けて施設整備を行う社会福祉施設の入札結果公表要領」に基づき公表するもの。,XLSX、CSV,健康・福祉,１年毎,https://data.bodik.jp/dataset/430005_00224,無,CC BY4.0,2023/3/1,,
430005,0000000241,熊本県,,就労継続支援事業所工賃実績一覧,年間の就労継続支援事業所の工賃実績額,XLSX,健康・福祉,１年毎,https://data.bodik.jp/dataset/430005_00225,無,CC BY4.0,2023/3/1,,
430005,0000000242,熊本県,,就労支援員等の配置状況（郡部）,各福祉事務所ごとの就労支援員の配置数,XLSX,健康・福祉,１年毎,https://data.bodik.jp/dataset/430005_00226,無,CC BY4.0,2023/3/1,,
430005,0000000243,熊本県,,就労支援状況調査,各福祉事務所ごとの生活保護受給者の中学卒業後の進路状況、高等学校等在籍者の状況及び卒業後の進路状況等,XLSX,健康・福祉,１年毎,https://data.bodik.jp/dataset/430005_00227,無,CC BY4.0,2023/3/1,,
430005,0000000244,熊本県,,食品営業許可施設、届出施設データ,食品衛生法に基づき食品営業許可を取得した施設一覧（固定施設，自動販売機）です。,XLSX、CSV,社会保障・衛生,必要に応じ都度出力,https://data.bodik.jp/dataset/430005_00227,無,CC BY4.0,2023/3/1,,
430005,0000000245,熊本県,,食品衛生監視指導月報,月毎の監視の内容と件数,XLSX,社会保障・衛生,１ヶ月毎,https://data.bodik.jp/dataset/430005_00229,無,CC BY4.0,2023/3/1,,
430005,0000000246,熊本県,,帰国者・接触者相談センター相談件数,新型コロナウイルス感染症の県内での発生状況 相談件数,XLSX、CSV,社会保障・衛生,必要に応じて都度,https://data.bodik.jp/dataset/430005_00230,無,CC BY4.0,2023/3/1,,
430005,0000000247,熊本県,,熊本県の新型コロナウイルス感染症の状況,新型コロナウイルス感染症の県内での発生状況 入退院死亡数,PDF,社会保障・衛生,毎日,https://data.bodik.jp/dataset/430005_00231,無,CC BY4.0,2023/3/1,,
430005,0000000248,熊本県,,生活保護県費負担金額,県内の福祉事務所ごと・扶助費の種別ごとの生活保護費県費負担金実績額。,XLS,健康・福祉,１年毎,https://data.bodik.jp/dataset/430005_00232,無,CC BY4.0,2023/3/1,,
430005,0000000249,熊本県,,（公表資料「熊本県の生活保護」中へ掲載済）各福祉事務所別の扶助費の状況,県内の福祉事務所ごと・扶助費の種別ごとの生活保護費実績額。,XLSX,健康・福祉,１年毎,https://data.bodik.jp/dataset/430005_00233,無,CC BY4.0,2023/3/1,,
430005,0000000250,熊本県,,第1種動物取扱業登録簿,第一種動物取扱業者登録簿です。,XLSX、CSV,その他,１年毎,https://data.bodik.jp/dataset/430005_00234,無,CC BY4.0,2023/3/1,,
430005,0000000251,熊本県,,地域リハビリテーション広域支援センター一覧,地域リハビリテーション広域支援センターの窓口となる担当者に関するデータです。,XLS,健康・福祉,３年毎,https://data.bodik.jp/dataset/430005_00235,無,CC BY4.0,2023/3/1,,
430005,0000000252,熊本県,,地域包括支援センター一覧,県内の地域包括支援センターの一覧です。,XLS,健康・福祉,１年毎,https://data.bodik.jp/dataset/430005_00236,無,CC BY4.0,2023/3/1,,
430005,0000000253,熊本県,,喀痰吸引等研修（第一号研修、第二号研修）を実施する研修機関,喀痰吸引等研修を実施することが出来る要件を満たした研修機関の基本情報（名称、住所、研修区分等）,XLS,健康・福祉,,https://data.bodik.jp/dataset/430005_00237,無,CC BY4.0,2023/3/1,,
430005,0000000254,熊本県,,登録喀痰吸引等事業者（登録特定行為事業者）登録簿,喀痰吸引等を実施することが出来る要件を満たした事業者の基本情報（事業者名、実施可能な行為、事業開始日等）,XLS、CSV,健康・福祉,,https://data.bodik.jp/dataset/430005_00238,無,CC BY4.0,2023/3/1,,
430005,0000000255,熊本県,,乳児院一覧,乳児院一覧です。,XLSX,子育て,,https://data.bodik.jp/dataset/430005_00239,無,CC BY4.0,2023/3/1,,
430005,0000000256,熊本県,,熱中症救急搬送者数,救急車によって搬送された方の数です。自ら往診された方等は含みません。,XLSX,社会保障・衛生,他課からの提供があり次第,https://data.bodik.jp/dataset/430005_00240,無,CC BY4.0,2023/3/1,,
430005,0000000257,熊本県,,発達障がい受診ハンドブック,県内の精神科、小児科、心療内科の医療機関を対象にアンケート調査を実施し、発達障がいの診断等について「対応可能」と回答があり、かつ公表する承諾が得られた医療機関です。,PDF,健康・福祉,H30版、R2版、R4版を作成,https://data.bodik.jp/dataset/430005_00241,無,CC BY4.0,2023/3/1,,
430005,0000000258,熊本県,,都道府県別高齢者人口比率の推移（R3.10.1）,県内の百歳以上高齢者数のデータです。,"XLSX,XLS",健康・福祉,１年毎,https://data.bodik.jp/dataset/430005_00242,無,CC BY4.0,2023/3/1,,
430005,0000000259,熊本県,,保育所等名簿の市町村別集計表の保育所入所児童数,保育所施設入所児童数のデータ,XLSX,健康・福祉,１年毎,https://data.bodik.jp/dataset/430005_00243,無,CC BY4.0,2023/3/1,,
430005,0000000260,熊本県,,薬局名称,県内薬局一覧,XLSX,健康・福祉,,https://data.bodik.jp/dataset/430005_00244,無,CC BY4.0,2023/3/1,,
430005,0000000261,熊本県,,計測震度計設置箇所一覧,地震計の設置箇所です。,XLS,国土・気象,震度計地点変更時に随時変更,https://data.bodik.jp/dataset/430005_00245,無,CC BY4.0,2023/3/1,,
430005,0000000262,熊本県,,年別個別労働関係紛争のあっせん取扱件数,過去から現在までの個別あっせん事件取扱件数の状況,XLS,労働・賃金,１年毎,https://data.bodik.jp/dataset/430005_00246,無,CC BY4.0,2023/3/1,2023/7/1,
430005,0000000263,熊本県,,年別調整事件取扱件数,過去からの現在までの調整事件取扱件数の状況,XLS,労働・賃金,１年毎,https://data.bodik.jp/dataset/430005_00247,無,CC BY4.0,2023/3/1,,
430005,0000000264,熊本県,,年別不当労働行為事件取扱件数,過去から現在までの不当労働行為救済申立事件取扱件数の状況,XLS,労働・賃金,１年毎,https://data.bodik.jp/dataset/430005_00248,無,CC BY4.0,2023/3/1,2023/7/1,
430005,0000000266,熊本県,,個別的労使紛争の内容別相談・助言、あっせん件数まとめ,過去から現在までの労働相談件数の状況,XLSX,労働・賃金,四半期,https://data.bodik.jp/dataset/430005_00250,無,CC BY4.0,2023/3/1,2023/7/1,
430005,0000000267,熊本県,,博物館ネットワークセンター　各事業参加者数,博物館ネットワークセンターの年間来館者数の集計結果,XLSX,教育・文化・スポーツ・生活,１年毎,https://data.bodik.jp/dataset/430005_00251,無,CC BY4.0,2023/3/1,,
430005,0000000268,熊本県,,博物館ネットワークセンター　各事業参加者数,博物館ネットワークセンターの年間団体利用者数の集計結果,XLSX,教育・文化・スポーツ・生活,年２回,https://data.bodik.jp/dataset/430005_00252,無,CC BY4.0,2023/3/1,,
430005,0000000269,熊本県,,県民アンケート（県民生活や県の取組みに関する意識調査）集計情報,県民生活や県の取組みに関する意見調査アンケートの集計結果,XLSX,教育・文化・スポーツ・生活,１年毎,https://data.bodik.jp/dataset/430005_00253,無,CC BY4.0,2023/3/1,,
430005,0000000270,熊本県,,令和２年度財政状況類似団体比較カード,決算状況について、決算規模等が類似している団体との比較を行ったもの。（総務省にて作成・公表）,PDF,行財政,１年毎,https://data.bodik.jp/dataset/430005_00254,無,CC BY4.0,2023/3/1,,
430005,0000000271,熊本県,,令和２年度市町村財政の概要（上巻）、（下巻）,市町村決算状況（地方財政状況調査の概要、決算状況カードを含む）についてまとめたもの。（県にて作成・公表）,PDF,行財政,１年毎,https://data.bodik.jp/dataset/430005_00255,無,CC BY4.0,2023/3/1,,
430005,0000000272,熊本県,,【市町村別時系列】市町村税,市町村税についてまとめたもの,XLSX,行財政,,https://data.bodik.jp/dataset/430005_00256,無,CC BY4.0,2023/3/1,,
430005,0000000273,熊本県,,各市町村　1人あたり税負担額、固定資産税額、税徴収率など,市町村税徴収状況調査をまとめたもの,CSV,行財政,１年毎,https://data.bodik.jp/dataset/430005_00257,無,CC BY4.0,2023/3/1,,
430005,0000000274,熊本県,,熊本電気鉄道株式会社の輸送人員の推移,熊本電気鉄道株式会社の輸送人員の推移,XLSX,運輸・観光,,https://data.bodik.jp/dataset/430005_00258,無,CC BY4.0,2023/3/1,,
430005,0000000275,熊本県,,JR九州の輸送人員の推移,JR九州の輸送人員の推移,PDF,運輸・観光,,https://data.bodik.jp/dataset/430005_00259,無,CC BY4.0,2023/3/1,,
430005,0000000276,熊本県,,くま川鉄道株式会社の輸送人員の推移,くま川鉄道株式会社の輸送人員の推移,PDF,運輸・観光,１年毎,https://data.bodik.jp/dataset/430005_00260,無,CC BY4.0,2023/3/1,,
430005,0000000277,熊本県,,南阿蘇鉄道株式会社の輸送人員の推移,南阿蘇鉄道高森線の輸送人員の推移,PDF,運輸・観光,１年毎,https://data.bodik.jp/dataset/430005_00261,無,CC BY4.0,2023/3/1,,
430005,0000000278,熊本県,,県融資制度残高,県融資制度の残高,XLS,企業・家計・経済,１ヶ月毎,https://data.bodik.jp/dataset/430005_00262,無,CC BY4.0,2023/3/1,,
430005,0000000279,熊本県,,くらしの指標１００,県に関する主要な統計データを取りまとめたもの,その他,企業・家計・経済,概ね１年毎,https://data.bodik.jp/dataset/430005_00263,無,CC BY4.0,2023/3/1,,
430005,0000000280,熊本県,,統計グラフコンクール作品集,統計グラフコンクール受賞作品を紹介したもの,PDF,企業・家計・経済,概ね１年毎,https://data.bodik.jp/dataset/430005_00264,無,CC BY4.0,2023/3/1,,
430005,0000000281,熊本県,,遺跡関連写真 ,装飾古墳関連写真のデータ,PNG,教育・文化・スポーツ・生活,,https://data.bodik.jp/dataset/430005_00265,無,CC BY4.0,2023/3/1,,
430005,0000000282,熊本県,,食育推進に関する調査情報,食育に関する調査結果,XLSX,教育・文化・スポーツ・生活,１年毎,https://data.bodik.jp/dataset/430005_00266,無,CC BY4.0,2023/3/1,2023/7/1,
430005,0000000283,熊本県,,交通事故マップ,交通事故マップアプリで公開中のデータ,CSV,司法・安全・環境,１ヶ月毎,https://data.bodik.jp/dataset/430005_00267,無,CC BY4.0,2023/3/1,2023/7/1,
430005,0000000284,熊本県,,民生委員・児童委員現員数（県内民生委員の総数（区分別、男女別））,県内の民生委員・児童委員数の区分別・男女別の現員数。,XLSX,地域コミュニティ,１ヶ月毎,https://data.bodik.jp/dataset/430005_00268,無,CC BY4.0,2023/3/1,2023/7/1,
430005,0000000285,熊本県,,民生委員・児童委員現員数（民生委員数（市町村別、区分別））,各市町村毎の民生委員・児童委員数の月別、区分別の数。,XLSX,地域コミュニティ,１ヶ月毎,https://data.bodik.jp/dataset/430005_00269,無,CC BY4.0,2023/3/1,2023/7/1,
430005,0000000286,熊本県,,財政状況資料集,普通会計決算等の概要,PDF,行財政,１年毎（毎年度３月）,https://data.bodik.jp/dataset/430005_00270,無,CC BY4.0,2023/3/1,2023/7/1,
430005,0000000287,熊本県,,電子申請利用件数（市町村分）,市町村別の電子申請利用件数及び手続内容の集計結果,XLSX,その他,１年毎,https://data.bodik.jp/dataset/430005_00271,無,CC BY4.0,2023/3/1,2023/7/1,
430005,0000000288,熊本県,,漁業近代化資金の金利一覧,漁業近代化資金の金利一覧,XLS,農林水産業,,https://data.bodik.jp/dataset/430005_00272,無,CC BY4.0,2023/3/1,2023/7/1,
430005,0000000289,熊本県,,農業制度資金の金利一覧,農業制度資金の金利一覧,XLSX,農林水産業,,https://data.bodik.jp/dataset/430005_00273,無,CC BY4.0,2023/3/1,2023/7/1,
430005,0000000290,熊本県,,林業関係制度資金の金利一覧,林業関係制度資金の金利一覧,XLSX,農林水産業,,https://data.bodik.jp/dataset/430005_00274,無,CC BY4.0,2023/3/1,2023/7/1,
430005,0000000291,熊本県,,つなぐ棚田遺産位置図,つなぐ棚田遺産認定棚田の名称及びおおまかな地図,PDF、PPTX,農林水産業,,https://data.bodik.jp/dataset/430005_00275,無,CC BY4.0,2023/3/1,2023/7/1,
430005,0000000292,熊本県,,指定棚田地域位置図,棚田地域振興法に基づく指定棚田地域のおおまかな地図,PDF,農林水産業,,https://data.bodik.jp/dataset/430005_00276,無,CC BY4.0,2023/3/1,2023/7/1,
430005,0000000293,熊本県,,指定棚田一覧,棚田地域振興法に基づく指定棚田地域の一覧,XLSX,農林水産業,,https://data.bodik.jp/dataset/430005_00277,無,CC BY4.0,2023/3/1,2023/7/1,
430005,0000000294,熊本県,,県有林団地界、県有林小班界,県有林の所在地、林分情報（樹種、林齢等）、施業履歴（植栽、下刈、除間伐等）等（熊本県森林クラウド内のデータ）,その他,農林水産業,１年毎,https://data.bodik.jp/dataset/430005_00278,無,CC BY4.0,2023/3/1,2023/7/1,
430005,0000000295,熊本県,,分収林管理表,分収林の契約・解除一覧表（H30以降）,XLSX,農林水産業,,https://data.bodik.jp/dataset/430005_00279,無,CC BY4.0,2023/3/1,2023/7/1,
430005,0000000296,熊本県,,立木処分実施状況表,県有林立木処分箇所（純県・分収）の一覧表（H26～R4）,"XLS,CSV",農林水産業,,https://data.bodik.jp/dataset/430005_00280,無,CC BY4.0,2023/3/1,2023/7/1,
430005,0000000297,熊本県,,スギ、ヒノキ林分施業体系図,県有林における、スギ、ヒノキ林分の施業体系図,XLS,農林水産業,,https://data.bodik.jp/dataset/430005_00281,無,CC BY4.0,2023/3/1,2023/7/1,
430005,0000000298,熊本県,,熊本県林分収穫表,県内各地域の林分収穫表,XLS,農林水産業,,https://data.bodik.jp/dataset/430005_00282,無,CC BY4.0,2023/3/1,2023/7/1,
430005,0000000299,熊本県,,県庁総合案内案内件数,県庁総合案内の案内件数,XLSX,行財政,１ヶ月毎,https://data.bodik.jp/dataset/430005_00283,無,CC BY4.0,2023/3/1,2023/7/1,
430005,0000000300,熊本県,,県政ラジオ放送計画,県政ラジオの放送日、テーマ、担当課、担当者及び連絡先の一覧（年度ごとに作成）,XLSX,行財政,１ヶ月毎,https://data.bodik.jp/dataset/430005_00284,無,CC BY4.0,2023/3/1,2023/7/1,
430005,0000000301,熊本県,,県政テレビ放送計画,県政テレビの放送日、テーマ、担当課,XLSX,行財政,１ヶ月毎,https://data.bodik.jp/dataset/430005_00285,無,CC BY4.0,2023/3/1,2023/7/1,
430005,0000000302,熊本県,,公示図書,土砂災害警戒区域です。,HTML,国土・気象,不定期,https://data.bodik.jp/dataset/430005_00286,無,CC BY4.0,2023/3/9,,
430005,0000000303,熊本県,,県立図書館内図書データ,県立図書館内図書データです。（外部リンク）県立図書館ホームページより検索可能,HTML,教育・文化・スポーツ・生活,不定期,https://data.bodik.jp/dataset/430005_00287,無,CC BY4.0,2023/3/9,,
430005,0000000304,熊本県,,漁港一覧,県内の漁港の所在地・管理者等,PDF,農林水産業,1年毎,https://data.bodik.jp/dataset/430005_00288,無,CC BY4.0,2023/3/9,,
430005,0000000305,熊本県,,熊本県土地利用現況把握調査結果（令和3年の結果）,県内の土地利用の現況に係る調査結果,XLSX,住宅・土地・建設,1年毎,https://data.bodik.jp/dataset/430005_00305,無,CC BY4.0,2023/6/23,2023/8/2,
430005,0000000306,熊本県,,令和４年地価調査結果（林地のみ）,林地のみの令和４年の地価調査結果,XLSX,住宅・土地・建設,1年毎,https://data.bodik.jp/dataset/430005_00306,無,CC BY4.0,2023/6/23,2023/8/2,
430005,0000000307,熊本県,,令和４年地価調査結果（林地を除く）,林地を除いた令和４年の地価調査結果,XLSX,住宅・土地・建設,1年毎,https://data.bodik.jp/dataset/430005_00307,無,CC BY4.0,2023/6/23,2023/8/2,
430005,0000000309,熊本県,,熊本県統計年鑑（令和４年度版）,熊本県の沿革、人口、産業、経済社会及び教育など、各分野にわたる基本的な統計データを時系列かつ体系的に収録し、県勢の現状と推移を明らかにしたものです。,XLSX,その他,概ね２年毎,https://data.bodik.jp/dataset/430005_00309,無,CC BY4.0,2023/6/23,2023/8/2,
430005,0000000310,熊本県,,熊本県鉱工業指数（生産・出荷・在庫）月報（2022年10月～2023年2月）,県鉱工業指数の月報です。,XLSX,鉱工業,１ヶ月毎,https://data.bodik.jp/dataset/430005_00310,無,CC BY4.0,2023/6/23,2023/8/2,
430005,0000000311,熊本県,,毎月勤労統計調査月報（2022年10月～2023年2月）、令和４年年平均,統計法に基づく基幹統計で、賃金、労働時間及び雇用について、毎月の変動状況を明らかにすることを目的とした調査です。,XLSX,労働・賃金,月報（1ｹ月毎）、年平均（毎年１回）,https://data.bodik.jp/dataset/430005_00311,無,CC BY4.0,2023/6/23,2023/8/2,
430005,0000000312,熊本県,,経済センサス‐活動調査 確報集計結果（熊本県分）経済センサス-活動調査の県の概要及び産業別集計（製造業に関する集計）の県の調査結果（確報値）令和３年度,経済センサス-活動調査の県の概要及び産業別集計（製造業に関する集計）の県の調査結果（確報値）です。,XLSX,企業・家計・経済,5年毎,https://data.bodik.jp/dataset/430005_00312,無,CC BY4.0,2023/6/23,2023/8/2,
430005,0000000313,熊本県,,熊本市の消費者物価指月報（2022年11月～2023年4月）・４年年平均,消費者物価指数の年報です。,XLSX,企業・家計・経済,１ヶ月毎,https://data.bodik.jp/dataset/430005_00313,無,CC BY4.0,2023/6/23,2023/8/2,
430005,0000000315,熊本県,,熊本県の人口と世帯数年報（令和４年度）,令和４年度の県の人口推計（年報）データです。市町村別人口増加率、世帯あたり人員、年少人口（割合）、生産年齢人口（割合）、老年人口（割合）等,XLSX,企業・家計・経済,1年毎,https://data.bodik.jp/dataset/430005_00315,無,CC BY4.0,2023/6/23,2023/8/2,
430005,0000000316,熊本県,,令和3年社会生活基本調査（熊本県分の概要）,社会生活基本調査の県結果。,XLSX,人口・世帯,５年毎,https://data.bodik.jp/dataset/430005_00316,無,CC BY4.0,2023/6/23,2023/8/2,
430005,0000000317,熊本県,,令和4年（2022年）熊本市の消費者物価指数（年平均）,熊本市の消費者物価指数（年平均）です。,XLSX,企業・家計・経済,１年毎,https://data.bodik.jp/dataset/430005_00317,無,CC BY4.0,2023/6/23,2023/8/2,
430005,0000000318,熊本県,,熊本県警犯罪発生情報（令和４年）,令和４年の熊本県内の犯罪発生情報,XLSX,司法・安全・環境,随時,https://data.bodik.jp/dataset/430005_00318,無,CC BY4.0,2023/6/23,2023/8/2,
430005,0000000321,熊本県,,認定又は棄却の決定がなされていない件数の推移（各年度末現在）,水俣病認定申請の現状等について,XLSX,その他,1カ月毎,https://data.bodik.jp/dataset/430005_00321,無,CC BY4.0,2023/7/31,2023/8/2,
430005,zzz,熊本県,,避難所情報一覧（令和5年現在）,熊本県内の避難所情報一覧。,HTML,,,https://portal.bousai.pref.kumamoto.jp/sp.html?p=evacuation%2Fshelter&l=14-0&ll=32.637061996573436%2C130.75103759765625&z=9&municipalityCd=430005,,,,,
430005,zzz,熊本県,,秘境駅ランキング,熊本県内の秘境駅一覧。,HTML,,,https://tabi2.lol/hikyoekirank/43,,,,,
430005,zzz,熊本県,,熊本防災・水道局リスト,熊本県内の水道局の自治体名、住所、経度、緯度、公式HP一覧。,XLS,,,https://linkdata.org/work/rdf1s7452i?key=#work_information,,,,,
430005,zzz,熊本県,,【令和２年７月豪雨】応急仮設住宅等の入居状況について,令和2年7月豪雨後の応急仮設住宅等の入居状況について、戸数、人数をまとめたもの。,PDF,,,https://www.pref.kumamoto.jp/life/sub/2/36/36/,,,,,
430005,zzz,熊本県,,男女共同参画に関する県民意識調査報告書(平成26年11月調査）,県民の男女共同参画に関する意識及び実態を把握し、今後の男女共同参画行政を充実させていくための基礎資料とするため実施された調査。,PDF,,,https://www.pref.kumamoto.jp/soshiki/56/1468.html,,,,,
430005,zzz,熊本県,,赤潮情報,熊本県水産研究センターによる、漁業者・漁協・関係市町等と連携した有明海・八代海における赤潮調査を踏まえた赤潮の種類や分布範囲、細胞数などの情報。,HTML，PDF,,,https://www.pref.kumamoto.jp/soshiki/95/1794.html,,,,,
430005,zzz,熊本県,,熊本県内の休校・学年閉鎖等情報,インフルエンザ様疾患による休校・学年閉鎖等について,PDF,,,https://www.pref.kumamoto.jp/soshiki/30/184822.html,,,,,
430005,zzz,熊本県,,九州新幹線の沿線における騒音調査結果について,県及び関係市が行っている九州新幹線の沿線における騒音の環境基準達成状況を把握するための調査。,PDF,,年1回,https://www.pref.kumamoto.jp/soshiki/51/187773.html,,,,,
